destination_country,band,capital,distance_miles,source,verified_on,notes
GB,DOMESTIC,London,0,https://www.gov.uk/guidance/rates-and-allowances-for-air-passenger-duty,2026-09-09,"A UK departure to a UK destination is the DOMESTIC band, which is its own rate and is not band A."
AE,B,Abu Dhabi,3402,"great-circle London(51.5074,-0.1278) to the capital's coordinates, computed 2026-09-09; band per HMRC's capital-city rule (A <=2000mi, B 2001-5500mi, C >5500mi)",2026-09-09,London-Abu Dhabi great-circle 3402 mi; 1402 mi clear of the nearest band boundary (2000 / 5500).
AR,C,Buenos Aires,6915,"great-circle London(51.5074,-0.1278) to the capital's coordinates, computed 2026-09-09; band per HMRC's capital-city rule (A <=2000mi, B 2001-5500mi, C >5500mi)",2026-09-09,London-Buenos Aires great-circle 6915 mi; 1415 mi clear of the nearest band boundary (2000 / 5500).
AT,A,Vienna,768,"great-circle London(51.5074,-0.1278) to the capital's coordinates, computed 2026-09-09; band per HMRC's capital-city rule (A <=2000mi, B 2001-5500mi, C >5500mi)",2026-09-09,London-Vienna great-circle 768 mi; 1232 mi clear of the nearest band boundary (2000 / 5500).
AU,C,Canberra,10552,"great-circle London(51.5074,-0.1278) to the capital's coordinates, computed 2026-09-09; band per HMRC's capital-city rule (A <=2000mi, B 2001-5500mi, C >5500mi)",2026-09-09,London-Canberra great-circle 10552 mi; 5052 mi clear of the nearest band boundary (2000 / 5500).
BE,A,Brussels,199,"great-circle London(51.5074,-0.1278) to the capital's coordinates, computed 2026-09-09; band per HMRC's capital-city rule (A <=2000mi, B 2001-5500mi, C >5500mi)",2026-09-09,London-Brussels great-circle 199 mi; 1801 mi clear of the nearest band boundary (2000 / 5500).
BR,UNKNOWN,Brasilia,5463,"great-circle London(51.5074,-0.1278) to the capital's coordinates, computed 2026-09-09; band per HMRC's capital-city rule (A <=2000mi, B 2001-5500mi, C >5500mi)",2026-09-09,"WITHIN 300 MILES OF THE 5500-MILE BAND BOUNDARY (5463 mi). This distance is COMPUTED from capital coordinates, not read off HMRC's published country list, so a near-boundary band cannot be asserted. Resolves to UNKNOWN - NOT to the nearer band and NOT to zero. Confirm against gov.uk and replace this row."
CA,B,Ottawa,3331,"great-circle London(51.5074,-0.1278) to the capital's coordinates, computed 2026-09-09; band per HMRC's capital-city rule (A <=2000mi, B 2001-5500mi, C >5500mi)",2026-09-09,London-Ottawa great-circle 3331 mi; 1331 mi clear of the nearest band boundary (2000 / 5500).
CH,A,Bern,464,"great-circle London(51.5074,-0.1278) to the capital's coordinates, computed 2026-09-09; band per HMRC's capital-city rule (A <=2000mi, B 2001-5500mi, C >5500mi)",2026-09-09,London-Bern great-circle 464 mi; 1536 mi clear of the nearest band boundary (2000 / 5500).
CL,C,Santiago,7253,"great-circle London(51.5074,-0.1278) to the capital's coordinates, computed 2026-09-09; band per HMRC's capital-city rule (A <=2000mi, B 2001-5500mi, C >5500mi)",2026-09-09,London-Santiago great-circle 7253 mi; 1753 mi clear of the nearest band boundary (2000 / 5500).
CN,B,Beijing,5059,"great-circle London(51.5074,-0.1278) to the capital's coordinates, computed 2026-09-09; band per HMRC's capital-city rule (A <=2000mi, B 2001-5500mi, C >5500mi)",2026-09-09,London-Beijing great-circle 5059 mi; 441 mi clear of the nearest band boundary (2000 / 5500).
CO,UNKNOWN,Bogota,5276,"great-circle London(51.5074,-0.1278) to the capital's coordinates, computed 2026-09-09; band per HMRC's capital-city rule (A <=2000mi, B 2001-5500mi, C >5500mi)",2026-09-09,"WITHIN 300 MILES OF THE 5500-MILE BAND BOUNDARY (5276 mi). This distance is COMPUTED from capital coordinates, not read off HMRC's published country list, so a near-boundary band cannot be asserted. Resolves to UNKNOWN - NOT to the nearer band and NOT to zero. Confirm against gov.uk and replace this row."
CR,UNKNOWN,San Jose,5424,"great-circle London(51.5074,-0.1278) to the capital's coordinates, computed 2026-09-09; band per HMRC's capital-city rule (A <=2000mi, B 2001-5500mi, C >5500mi)",2026-09-09,"WITHIN 300 MILES OF THE 5500-MILE BAND BOUNDARY (5424 mi). This distance is COMPUTED from capital coordinates, not read off HMRC's published country list, so a near-boundary band cannot be asserted. Resolves to UNKNOWN - NOT to the nearer band and NOT to zero. Confirm against gov.uk and replace this row."
CZ,A,Prague,643,"great-circle London(51.5074,-0.1278) to the capital's coordinates, computed 2026-09-09; band per HMRC's capital-city rule (A <=2000mi, B 2001-5500mi, C >5500mi)",2026-09-09,London-Prague great-circle 643 mi; 1357 mi clear of the nearest band boundary (2000 / 5500).
DE,A,Berlin,579,"great-circle London(51.5074,-0.1278) to the capital's coordinates, computed 2026-09-09; band per HMRC's capital-city rule (A <=2000mi, B 2001-5500mi, C >5500mi)",2026-09-09,London-Berlin great-circle 579 mi; 1421 mi clear of the nearest band boundary (2000 / 5500).
DK,A,Copenhagen,594,"great-circle London(51.5074,-0.1278) to the capital's coordinates, computed 2026-09-09; band per HMRC's capital-city rule (A <=2000mi, B 2001-5500mi, C >5500mi)",2026-09-09,London-Copenhagen great-circle 594 mi; 1406 mi clear of the nearest band boundary (2000 / 5500).
EC,UNKNOWN,Quito,5729,"great-circle London(51.5074,-0.1278) to the capital's coordinates, computed 2026-09-09; band per HMRC's capital-city rule (A <=2000mi, B 2001-5500mi, C >5500mi)",2026-09-09,"WITHIN 300 MILES OF THE 5500-MILE BAND BOUNDARY (5729 mi). This distance is COMPUTED from capital coordinates, not read off HMRC's published country list, so a near-boundary band cannot be asserted. Resolves to UNKNOWN - NOT to the nearer band and NOT to zero. Confirm against gov.uk and replace this row."
EG,UNKNOWN,Cairo,2182,"great-circle London(51.5074,-0.1278) to the capital's coordinates, computed 2026-09-09; band per HMRC's capital-city rule (A <=2000mi, B 2001-5500mi, C >5500mi)",2026-09-09,"WITHIN 300 MILES OF THE 2000-MILE BAND BOUNDARY (2182 mi). This distance is COMPUTED from capital coordinates, not read off HMRC's published country list, so a near-boundary band cannot be asserted. Resolves to UNKNOWN - NOT to the nearer band and NOT to zero. Confirm against gov.uk and replace this row."
ES,A,Madrid,785,"great-circle London(51.5074,-0.1278) to the capital's coordinates, computed 2026-09-09; band per HMRC's capital-city rule (A <=2000mi, B 2001-5500mi, C >5500mi)",2026-09-09,London-Madrid great-circle 785 mi; 1215 mi clear of the nearest band boundary (2000 / 5500).
ET,B,Addis Ababa,3664,"great-circle London(51.5074,-0.1278) to the capital's coordinates, computed 2026-09-09; band per HMRC's capital-city rule (A <=2000mi, B 2001-5500mi, C >5500mi)",2026-09-09,London-Addis Ababa great-circle 3664 mi; 1664 mi clear of the nearest band boundary (2000 / 5500).
FI,A,Helsinki,1131,"great-circle London(51.5074,-0.1278) to the capital's coordinates, computed 2026-09-09; band per HMRC's capital-city rule (A <=2000mi, B 2001-5500mi, C >5500mi)",2026-09-09,London-Helsinki great-circle 1131 mi; 869 mi clear of the nearest band boundary (2000 / 5500).
FJ,C,Suva,10130,"great-circle London(51.5074,-0.1278) to the capital's coordinates, computed 2026-09-09; band per HMRC's capital-city rule (A <=2000mi, B 2001-5500mi, C >5500mi)",2026-09-09,London-Suva great-circle 10130 mi; 4630 mi clear of the nearest band boundary (2000 / 5500).
FR,A,Paris,213,"great-circle London(51.5074,-0.1278) to the capital's coordinates, computed 2026-09-09; band per HMRC's capital-city rule (A <=2000mi, B 2001-5500mi, C >5500mi)",2026-09-09,London-Paris great-circle 213 mi; 1787 mi clear of the nearest band boundary (2000 / 5500).
GR,A,Athens,1486,"great-circle London(51.5074,-0.1278) to the capital's coordinates, computed 2026-09-09; band per HMRC's capital-city rule (A <=2000mi, B 2001-5500mi, C >5500mi)",2026-09-09,London-Athens great-circle 1486 mi; 514 mi clear of the nearest band boundary (2000 / 5500).
HK,C,Hong Kong,5979,"great-circle London(51.5074,-0.1278) to the capital's coordinates, computed 2026-09-09; band per HMRC's capital-city rule (A <=2000mi, B 2001-5500mi, C >5500mi)",2026-09-09,London-Hong Kong great-circle 5979 mi; 479 mi clear of the nearest band boundary (2000 / 5500).
HR,A,Zagreb,831,"great-circle London(51.5074,-0.1278) to the capital's coordinates, computed 2026-09-09; band per HMRC's capital-city rule (A <=2000mi, B 2001-5500mi, C >5500mi)",2026-09-09,London-Zagreb great-circle 831 mi; 1169 mi clear of the nearest band boundary (2000 / 5500).
HU,A,Budapest,901,"great-circle London(51.5074,-0.1278) to the capital's coordinates, computed 2026-09-09; band per HMRC's capital-city rule (A <=2000mi, B 2001-5500mi, C >5500mi)",2026-09-09,London-Budapest great-circle 901 mi; 1099 mi clear of the nearest band boundary (2000 / 5500).
ID,C,Jakarta,7281,"great-circle London(51.5074,-0.1278) to the capital's coordinates, computed 2026-09-09; band per HMRC's capital-city rule (A <=2000mi, B 2001-5500mi, C >5500mi)",2026-09-09,London-Jakarta great-circle 7281 mi; 1781 mi clear of the nearest band boundary (2000 / 5500).
IE,A,Dublin,288,"great-circle London(51.5074,-0.1278) to the capital's coordinates, computed 2026-09-09; band per HMRC's capital-city rule (A <=2000mi, B 2001-5500mi, C >5500mi)",2026-09-09,London-Dublin great-circle 288 mi; 1712 mi clear of the nearest band boundary (2000 / 5500).
IL,UNKNOWN,Jerusalem,2243,"great-circle London(51.5074,-0.1278) to the capital's coordinates, computed 2026-09-09; band per HMRC's capital-city rule (A <=2000mi, B 2001-5500mi, C >5500mi)",2026-09-09,"WITHIN 300 MILES OF THE 2000-MILE BAND BOUNDARY (2243 mi). This distance is COMPUTED from capital coordinates, not read off HMRC's published country list, so a near-boundary band cannot be asserted. Resolves to UNKNOWN - NOT to the nearer band and NOT to zero. Confirm against gov.uk and replace this row."
IN,B,New Delhi,4170,"great-circle London(51.5074,-0.1278) to the capital's coordinates, computed 2026-09-09; band per HMRC's capital-city rule (A <=2000mi, B 2001-5500mi, C >5500mi)",2026-09-09,London-New Delhi great-circle 4170 mi; 1330 mi clear of the nearest band boundary (2000 / 5500).
IS,A,Reykjavik,1174,"great-circle London(51.5074,-0.1278) to the capital's coordinates, computed 2026-09-09; band per HMRC's capital-city rule (A <=2000mi, B 2001-5500mi, C >5500mi)",2026-09-09,London-Reykjavik great-circle 1174 mi; 826 mi clear of the nearest band boundary (2000 / 5500).
IT,A,Rome,891,"great-circle London(51.5074,-0.1278) to the capital's coordinates, computed 2026-09-09; band per HMRC's capital-city rule (A <=2000mi, B 2001-5500mi, C >5500mi)",2026-09-09,London-Rome great-circle 891 mi; 1109 mi clear of the nearest band boundary (2000 / 5500).
JO,UNKNOWN,Amman,2262,"great-circle London(51.5074,-0.1278) to the capital's coordinates, computed 2026-09-09; band per HMRC's capital-city rule (A <=2000mi, B 2001-5500mi, C >5500mi)",2026-09-09,"WITHIN 300 MILES OF THE 2000-MILE BAND BOUNDARY (2262 mi). This distance is COMPUTED from capital coordinates, not read off HMRC's published country list, so a near-boundary band cannot be asserted. Resolves to UNKNOWN - NOT to the nearer band and NOT to zero. Confirm against gov.uk and replace this row."
JP,C,Tokyo,5939,"great-circle London(51.5074,-0.1278) to the capital's coordinates, computed 2026-09-09; band per HMRC's capital-city rule (A <=2000mi, B 2001-5500mi, C >5500mi)",2026-09-09,London-Tokyo great-circle 5939 mi; 439 mi clear of the nearest band boundary (2000 / 5500).
KE,B,Nairobi,4238,"great-circle London(51.5074,-0.1278) to the capital's coordinates, computed 2026-09-09; band per HMRC's capital-city rule (A <=2000mi, B 2001-5500mi, C >5500mi)",2026-09-09,London-Nairobi great-circle 4238 mi; 1262 mi clear of the nearest band boundary (2000 / 5500).
KR,UNKNOWN,Seoul,5504,"great-circle London(51.5074,-0.1278) to the capital's coordinates, computed 2026-09-09; band per HMRC's capital-city rule (A <=2000mi, B 2001-5500mi, C >5500mi)",2026-09-09,"WITHIN 300 MILES OF THE 5500-MILE BAND BOUNDARY (5504 mi). This distance is COMPUTED from capital coordinates, not read off HMRC's published country list, so a near-boundary band cannot be asserted. Resolves to UNKNOWN - NOT to the nearer band and NOT to zero. Confirm against gov.uk and replace this row."
LK,UNKNOWN,Sri Jayawardenepura Kotte,5418,"great-circle London(51.5074,-0.1278) to the capital's coordinates, computed 2026-09-09; band per HMRC's capital-city rule (A <=2000mi, B 2001-5500mi, C >5500mi)",2026-09-09,"WITHIN 300 MILES OF THE 5500-MILE BAND BOUNDARY (5418 mi). This distance is COMPUTED from capital coordinates, not read off HMRC's published country list, so a near-boundary band cannot be asserted. Resolves to UNKNOWN - NOT to the nearer band and NOT to zero. Confirm against gov.uk and replace this row."
MA,A,Rabat,1254,"great-circle London(51.5074,-0.1278) to the capital's coordinates, computed 2026-09-09; band per HMRC's capital-city rule (A <=2000mi, B 2001-5500mi, C >5500mi)",2026-09-09,London-Rabat great-circle 1254 mi; 746 mi clear of the nearest band boundary (2000 / 5500).
MV,UNKNOWN,Male,5292,"great-circle London(51.5074,-0.1278) to the capital's coordinates, computed 2026-09-09; band per HMRC's capital-city rule (A <=2000mi, B 2001-5500mi, C >5500mi)",2026-09-09,"WITHIN 300 MILES OF THE 5500-MILE BAND BOUNDARY (5292 mi). This distance is COMPUTED from capital coordinates, not read off HMRC's published country list, so a near-boundary band cannot be asserted. Resolves to UNKNOWN - NOT to the nearer band and NOT to zero. Confirm against gov.uk and replace this row."
MX,UNKNOWN,Mexico City,5548,"great-circle London(51.5074,-0.1278) to the capital's coordinates, computed 2026-09-09; band per HMRC's capital-city rule (A <=2000mi, B 2001-5500mi, C >5500mi)",2026-09-09,"WITHIN 300 MILES OF THE 5500-MILE BAND BOUNDARY (5548 mi). This distance is COMPUTED from capital coordinates, not read off HMRC's published country list, so a near-boundary band cannot be asserted. Resolves to UNKNOWN - NOT to the nearer band and NOT to zero. Confirm against gov.uk and replace this row."
MY,C,Kuala Lumpur,6553,"great-circle London(51.5074,-0.1278) to the capital's coordinates, computed 2026-09-09; band per HMRC's capital-city rule (A <=2000mi, B 2001-5500mi, C >5500mi)",2026-09-09,London-Kuala Lumpur great-circle 6553 mi; 1053 mi clear of the nearest band boundary (2000 / 5500).
NG,B,Abuja,2963,"great-circle London(51.5074,-0.1278) to the capital's coordinates, computed 2026-09-09; band per HMRC's capital-city rule (A <=2000mi, B 2001-5500mi, C >5500mi)",2026-09-09,London-Abuja great-circle 2963 mi; 963 mi clear of the nearest band boundary (2000 / 5500).
NL,A,Amsterdam,222,"great-circle London(51.5074,-0.1278) to the capital's coordinates, computed 2026-09-09; band per HMRC's capital-city rule (A <=2000mi, B 2001-5500mi, C >5500mi)",2026-09-09,London-Amsterdam great-circle 222 mi; 1778 mi clear of the nearest band boundary (2000 / 5500).
NO,A,Oslo,717,"great-circle London(51.5074,-0.1278) to the capital's coordinates, computed 2026-09-09; band per HMRC's capital-city rule (A <=2000mi, B 2001-5500mi, C >5500mi)",2026-09-09,London-Oslo great-circle 717 mi; 1283 mi clear of the nearest band boundary (2000 / 5500).
NZ,C,Wellington,11690,"great-circle London(51.5074,-0.1278) to the capital's coordinates, computed 2026-09-09; band per HMRC's capital-city rule (A <=2000mi, B 2001-5500mi, C >5500mi)",2026-09-09,London-Wellington great-circle 11690 mi; 6190 mi clear of the nearest band boundary (2000 / 5500).
PA,UNKNOWN,Panama City,5278,"great-circle London(51.5074,-0.1278) to the capital's coordinates, computed 2026-09-09; band per HMRC's capital-city rule (A <=2000mi, B 2001-5500mi, C >5500mi)",2026-09-09,"WITHIN 300 MILES OF THE 5500-MILE BAND BOUNDARY (5278 mi). This distance is COMPUTED from capital coordinates, not read off HMRC's published country list, so a near-boundary band cannot be asserted. Resolves to UNKNOWN - NOT to the nearer band and NOT to zero. Confirm against gov.uk and replace this row."
PE,C,Lima,6320,"great-circle London(51.5074,-0.1278) to the capital's coordinates, computed 2026-09-09; band per HMRC's capital-city rule (A <=2000mi, B 2001-5500mi, C >5500mi)",2026-09-09,London-Lima great-circle 6320 mi; 820 mi clear of the nearest band boundary (2000 / 5500).
PF,C,Papeete,9558,"great-circle London(51.5074,-0.1278) to the capital's coordinates, computed 2026-09-09; band per HMRC's capital-city rule (A <=2000mi, B 2001-5500mi, C >5500mi)",2026-09-09,London-Papeete great-circle 9558 mi; 4058 mi clear of the nearest band boundary (2000 / 5500).
PH,C,Manila,6670,"great-circle London(51.5074,-0.1278) to the capital's coordinates, computed 2026-09-09; band per HMRC's capital-city rule (A <=2000mi, B 2001-5500mi, C >5500mi)",2026-09-09,London-Manila great-circle 6670 mi; 1170 mi clear of the nearest band boundary (2000 / 5500).
PL,A,Warsaw,900,"great-circle London(51.5074,-0.1278) to the capital's coordinates, computed 2026-09-09; band per HMRC's capital-city rule (A <=2000mi, B 2001-5500mi, C >5500mi)",2026-09-09,London-Warsaw great-circle 900 mi; 1100 mi clear of the nearest band boundary (2000 / 5500).
PT,A,Lisbon,985,"great-circle London(51.5074,-0.1278) to the capital's coordinates, computed 2026-09-09; band per HMRC's capital-city rule (A <=2000mi, B 2001-5500mi, C >5500mi)",2026-09-09,London-Lisbon great-circle 985 mi; 1015 mi clear of the nearest band boundary (2000 / 5500).
QA,B,Doha,3240,"great-circle London(51.5074,-0.1278) to the capital's coordinates, computed 2026-09-09; band per HMRC's capital-city rule (A <=2000mi, B 2001-5500mi, C >5500mi)",2026-09-09,London-Doha great-circle 3240 mi; 1240 mi clear of the nearest band boundary (2000 / 5500).
RO,A,Bucharest,1300,"great-circle London(51.5074,-0.1278) to the capital's coordinates, computed 2026-09-09; band per HMRC's capital-city rule (A <=2000mi, B 2001-5500mi, C >5500mi)",2026-09-09,London-Bucharest great-circle 1300 mi; 700 mi clear of the nearest band boundary (2000 / 5500).
SA,B,Riyadh,3069,"great-circle London(51.5074,-0.1278) to the capital's coordinates, computed 2026-09-09; band per HMRC's capital-city rule (A <=2000mi, B 2001-5500mi, C >5500mi)",2026-09-09,London-Riyadh great-circle 3069 mi; 1069 mi clear of the nearest band boundary (2000 / 5500).
SE,A,Stockholm,890,"great-circle London(51.5074,-0.1278) to the capital's coordinates, computed 2026-09-09; band per HMRC's capital-city rule (A <=2000mi, B 2001-5500mi, C >5500mi)",2026-09-09,London-Stockholm great-circle 890 mi; 1110 mi clear of the nearest band boundary (2000 / 5500).
SG,C,Singapore,6741,"great-circle London(51.5074,-0.1278) to the capital's coordinates, computed 2026-09-09; band per HMRC's capital-city rule (A <=2000mi, B 2001-5500mi, C >5500mi)",2026-09-09,London-Singapore great-circle 6741 mi; 1241 mi clear of the nearest band boundary (2000 / 5500).
TH,C,Bangkok,5923,"great-circle London(51.5074,-0.1278) to the capital's coordinates, computed 2026-09-09; band per HMRC's capital-city rule (A <=2000mi, B 2001-5500mi, C >5500mi)",2026-09-09,London-Bangkok great-circle 5923 mi; 423 mi clear of the nearest band boundary (2000 / 5500).
TR,UNKNOWN,Ankara,1761,"great-circle London(51.5074,-0.1278) to the capital's coordinates, computed 2026-09-09; band per HMRC's capital-city rule (A <=2000mi, B 2001-5500mi, C >5500mi)",2026-09-09,"WITHIN 300 MILES OF THE 2000-MILE BAND BOUNDARY (1761 mi). This distance is COMPUTED from capital coordinates, not read off HMRC's published country list, so a near-boundary band cannot be asserted. Resolves to UNKNOWN - NOT to the nearer band and NOT to zero. Confirm against gov.uk and replace this row."
TW,C,Taipei,6080,"great-circle London(51.5074,-0.1278) to the capital's coordinates, computed 2026-09-09; band per HMRC's capital-city rule (A <=2000mi, B 2001-5500mi, C >5500mi)",2026-09-09,London-Taipei great-circle 6080 mi; 580 mi clear of the nearest band boundary (2000 / 5500).
US,B,Washington DC,3665,"great-circle London(51.5074,-0.1278) to the capital's coordinates, computed 2026-09-09; band per HMRC's capital-city rule (A <=2000mi, B 2001-5500mi, C >5500mi)",2026-09-09,London-Washington DC great-circle 3665 mi; 1665 mi clear of the nearest band boundary (2000 / 5500).
VN,UNKNOWN,Hanoi,5738,"great-circle London(51.5074,-0.1278) to the capital's coordinates, computed 2026-09-09; band per HMRC's capital-city rule (A <=2000mi, B 2001-5500mi, C >5500mi)",2026-09-09,"WITHIN 300 MILES OF THE 5500-MILE BAND BOUNDARY (5738 mi). This distance is COMPUTED from capital coordinates, not read off HMRC's published country list, so a near-boundary band cannot be asserted. Resolves to UNKNOWN - NOT to the nearer band and NOT to zero. Confirm against gov.uk and replace this row."
ZA,UNKNOWN,Pretoria,5609,"great-circle London(51.5074,-0.1278) to the capital's coordinates, computed 2026-09-09; band per HMRC's capital-city rule (A <=2000mi, B 2001-5500mi, C >5500mi)",2026-09-09,"WITHIN 300 MILES OF THE 5500-MILE BAND BOUNDARY (5609 mi). This distance is COMPUTED from capital coordinates, not read off HMRC's published country list, so a near-boundary band cannot be asserted. Resolves to UNKNOWN - NOT to the nearer band and NOT to zero. Confirm against gov.uk and replace this row."
