program,operating_carrier,route_region,cabin,departure_country,amount_low,amount_point,amount_high,currency,basis,confidence,source,verified_on,notes
British Airways Executive Club,BA,NA-EU,J,*,600,800,1000,USD,round_trip,modeled,docs/plans/v1.md section 7 seed table (architect research 2026-09-08),2026-09-08,Carrier-imposed surcharge on BA metal transatlantic business. Range is the research range and is deliberately wide.
British Airways Executive Club,BA,NA-EU,J,GB,750,900,1100,USD,round_trip,modeled,docs/plans/v1.md section 7 seed table (architect research 2026-09-08),2026-09-08,WORST CASE IN THE MODEL. UK Air Passenger Duty stacks on top of the carrier surcharge for departures from the UK.
Club Iberia Plus,IB,NA-EU,J,*,150,175,200,USD,round_trip,modeled,docs/plans/v1.md section 7 seed table (architect research 2026-09-08),2026-09-08,Same Avios balance as BA. Dramatically lower cash. This gap is the whole point of the feature.
Aer Lingus AerClub,EI,NA-EU,J,*,120,150,200,USD,round_trip,modeled,docs/plans/v1.md section 7 seed table (architect research 2026-09-08),2026-09-08,Third Avios family member. Different award chart from BA and IB - never reuse a price across them.
Virgin Atlantic Flying Club,VS,NA-EU,J,*,400,550,700,USD,round_trip,modeled,docs/plans/v1.md section 7 seed table (architect research 2026-09-08),2026-09-08,VS metal only.
Air France-KLM Flying Blue,AF,NA-EU,J,*,150,200,250,USD,round_trip,modeled,docs/plans/v1.md section 7 seed table (architect research 2026-09-08),2026-09-08,AF METAL ONLY. A Flying Blue award on a partner's metal is NOT covered by this row and must resolve to unknown.
Air France-KLM Flying Blue,KL,NA-EU,J,*,150,200,250,USD,round_trip,modeled,docs/plans/v1.md section 7 seed table (architect research 2026-09-08),2026-09-08,KL METAL ONLY. See the AF row.
United MileagePlus,*,*,*,*,0,0,0,USD,round_trip,modeled,docs/plans/v1.md section 7 seed table (architect research 2026-09-08),2026-09-08,PROGRAM POLICY not a route observation. United does not pass carrier-imposed surcharges through on awards. Government taxes and airport charges including UK APD are still owed and are NOT modelled here.
Air Canada Aeroplan,*,*,*,*,0,0,0,USD,round_trip,modeled,docs/plans/v1.md section 7 seed table (architect research 2026-09-08),2026-09-08,PROGRAM POLICY. Asserted for PARTNER awards. Verify before extending to AC's own metal. Government taxes still owed and not modelled here.
Singapore Airlines KrisFlyer,SQ,*,*,*,0,0,0,USD,round_trip,modeled,docs/plans/v1.md section 7 seed table (architect research 2026-09-08),2026-09-08,No carrier surcharge on SQ's own metal. KrisFlyer on a partner's metal is NOT covered and resolves to unknown.
